{"cameraMode":{"drawMode":0,"name":"Shaded","section":"Shading Mode"},"sceneLighting":false,"audioPlay":false,"sceneViewState":{"m_AlwaysRefresh":false,"showFog":true,"showSkybox":false,"showFlares":true,"showImageEffects":true,"showParticleSystems":true,"showVisualEffectGraphs":true,"m_FxEnabled":true},"in2DMode":false,"pivot":{"x":-9.005403518676758,"y":-4.3798089027404789,"z":13.59245491027832},"rotation":{"x":0.014847052283585072,"y":0.39864709973335268,"z":0.006455199792981148,"w":-0.9169639945030212},"size":7.386025428771973,"orthographic":false}