{"cameraMode":{"drawMode":0,"name":"Shaded","section":"Shading Mode"},"sceneLighting":false,"audioPlay":false,"sceneViewState":{"m_AlwaysRefresh":false,"showFog":true,"showSkybox":false,"showFlares":true,"showImageEffects":true,"showParticleSystems":true,"showVisualEffectGraphs":true,"m_FxEnabled":true},"in2DMode":false,"pivot":{"x":5.000003337860107,"y":-0.145111083984375,"z":13.669157028198243},"rotation":{"x":0.6582934856414795,"y":-0.018957214429974557,"z":0.016583619639277459,"w":0.7523680925369263},"size":3.424135208129883,"orthographic":true}