{"cameraMode":{"drawMode":0,"name":"Shaded","section":"Shading Mode"},"sceneLighting":false,"audioPlay":false,"sceneViewState":{"m_AlwaysRefresh":false,"showFog":true,"showSkybox":false,"showFlares":true,"showImageEffects":true,"showParticleSystems":true,"showVisualEffectGraphs":true,"m_FxEnabled":true},"in2DMode":false,"pivot":{"x":-2.6625781059265138,"y":-1.2646880149841309,"z":4.618375778198242},"rotation":{"x":0.014847052283585072,"y":0.39864709973335268,"z":0.006455199792981148,"w":-0.9169639945030212},"size":2.003385305404663,"orthographic":false}