{"cameraMode":{"drawMode":0,"name":"Shaded","section":"Shading Mode"},"sceneLighting":false,"audioPlay":false,"sceneViewState":{"m_AlwaysRefresh":false,"showFog":true,"showSkybox":false,"showFlares":true,"showImageEffects":true,"showParticleSystems":true,"showVisualEffectGraphs":true,"m_FxEnabled":true},"in2DMode":false,"pivot":{"x":-1.4006969928741456,"y":-0.2461830973625183,"z":14.449718475341797},"rotation":{"x":0.014847052283585072,"y":0.39864709973335268,"z":0.006455199792981148,"w":-0.9169639945030212},"size":3.3091704845428469,"orthographic":false}