{"cameraMode":{"drawMode":0,"name":"Shaded","section":"Shading Mode"},"sceneLighting":false,"audioPlay":false,"sceneViewState":{"m_AlwaysRefresh":false,"showFog":true,"showSkybox":false,"showFlares":true,"showImageEffects":true,"showParticleSystems":true,"showVisualEffectGraphs":true,"m_FxEnabled":true},"in2DMode":false,"pivot":{"x":-9.005403518676758,"y":0.004889011383056641,"z":13.59245491027832},"rotation":{"x":-0.16337823867797852,"y":0.30716535449028017,"z":-0.05361602082848549,"w":-0.9359931945800781},"size":3.6553289890289308,"orthographic":false}