{"cameraMode":{"drawMode":0,"name":"Shaded","section":"Shading Mode"},"sceneLighting":false,"audioPlay":false,"sceneViewState":{"m_AlwaysRefresh":false,"showFog":true,"showSkybox":false,"showFlares":true,"showImageEffects":true,"showParticleSystems":true,"showVisualEffectGraphs":true,"m_FxEnabled":true},"in2DMode":false,"pivot":{"x":-9.049997329711914,"y":0.004889011383056641,"z":13.679141998291016},"rotation":{"x":0.3138749599456787,"y":0.05437559261918068,"z":-0.018010038882493974,"w":0.9477574825286865},"size":4.846061706542969,"orthographic":true}