{"cameraMode":{"drawMode":0,"name":"Shaded","section":"Shading Mode"},"sceneLighting":false,"audioPlay":false,"sceneViewState":{"m_AlwaysRefresh":false,"showFog":true,"showSkybox":false,"showFlares":true,"showImageEffects":true,"showParticleSystems":true,"showVisualEffectGraphs":true,"m_FxEnabled":true},"in2DMode":false,"pivot":{"x":5.046080112457275,"y":-3.723637342453003,"z":13.672298431396485},"rotation":{"x":0.014847052283585072,"y":0.39864709973335268,"z":0.006455199792981148,"w":-0.9169639945030212},"size":6.706564903259277,"orthographic":false}